drag,vert,rmse
0.05,0.1,22.326011320760074
0.05,0.3,21.93040821337572
0.05,0.5,21.96875964517316
0.12,0.1,21.855059199220673
0.12,0.3,21.56766911163489
0.12,0.5,21.64978342705316
0.2,0.1,21.466854507575125
0.2,0.3,21.282176145315372
0.2,0.5,21.402225059518464
