entry_type,n,rmse
Carried,95,20.59450771083072
Dumped,77,22.05111294546567
Played,23,23.9687629321317
