metric,value
test_rmse,21.56766911163489
baseline_match,0.6842105263157895
decision_validity,0.15789473684210525
