seq_id,best_strategy,confidence
718,Shot,0.27097844796137743
136,Dumped,0.45402727912918595
34,Shot,0.2799128186472404
